,component,explained_var,perBlack,unempl,percentNoHs,perWithoutIns,medHouseIncome
0,0,0.3673120769357539,-0.29633775561447706,-0.36513947718959017,-0.5922916623099748,-0.059819777941595015,0.6515130679581131
1,1,0.20737799133545926,0.5092318809591785,0.054079550872596055,-0.30138491348661245,0.8019563982548811,0.061574043337443984
2,2,0.18646426262638666,-0.7672745128980443,0.1964281612742775,0.23834118428166756,0.5612845162183215,0.029308207796661934
