,component,explained_var,perBlack,unempl,percentNoHs,perWithoutIns,medHouseIncome
0,0,0.37265164565529446,-0.30641811018269716,-0.3467881680579511,-0.6108704098786267,0.05777127992319742,0.6398013205658681
1,1,0.2027314716452487,0.38628785890189116,0.107449809164748,-0.1429227386738472,0.9045324023287338,0.025108812851846588
2,2,0.18575802951314313,-0.6722102207811481,-0.43432658611525676,0.37416794912802137,0.4043561838382026,-0.23661838074833144
