,component,explained_var,perBlack,unempl,percentNoHs,perWithoutIns,medHouseIncome
0,0,0.3677135152898275,-0.2929649117448301,-0.36442699466622014,-0.5943319686308963,-0.060235070519721254,0.6515410757486428
1,1,0.20703909281717628,0.5144955386591002,0.044874907320843635,-0.29590634255343734,0.8012790117727415,0.06059674184289576
2,2,0.1867362542229021,-0.7660321192952919,0.16602534717612988,0.24357656266898225,0.5707491289930585,0.023372337817127747
