,component,explained_var,medHouseIncome,unemplRate,medHouseVal,perOwnerOcc,workTravelAv
0,0,0.42319493691919696,-0.549064660942486,0.29485275951021694,-0.5824458852357426,0.10095403875494371,0.5120106650689425
1,1,0.29738660963636904,0.3236310831536767,-0.4847349278218609,-0.10645335581358181,0.7189926880290414,0.36333478964051086
2,2,0.13907676252888887,-0.35687604419011776,-0.8127870269885464,-0.06917332987267216,-0.4453163171370299,0.09447309653108502
