,component,explained_var,medHouseIncome,unemplRate,medHouseVal,perOwnerOcc,workTravelAv
0,0,0.40088178000560304,-0.6097365459422055,0.3899492872740958,-0.5250531911918301,-0.22398639927287056,0.38769851335405126
1,1,0.2994161057898983,0.1641746522990252,-0.32576156583941607,-0.3114309868250626,0.6786757937968095,0.5561798208527368
2,2,0.14508811637067512,-0.2840855359603962,-0.8584281922533462,-0.17227570102506096,-0.38861338560352493,-0.041196679099604006
