,component,explained_var,percentNoHs,percentBach,perBlack,perWithoutIns,perOver65
0,0,0.3828352528162904,-0.633978578388356,0.6722511441001351,-0.3438807532843225,0.05469349080072445,0.1578106808342711
1,1,0.23193409832495168,0.13602637095356213,-0.12153692675245789,-0.289488839438718,-0.6649997409242602,0.6638502528822765
2,2,0.18070460054165827,0.3579579132387726,-0.11623223190806214,-0.7632857842113366,0.517235781468491,0.0906540600578775
