,component,explained_var,percentNoHs,percentBach,perBlack,perWithoutIns,perOver65
0,0,0.37683286372432456,-0.6072687154121463,0.6720088243394953,-0.34480540263636517,-0.029379265382403347,0.2446935642183845
1,1,0.22107768901172142,0.20211636477739747,-0.1609422370039454,-0.21853466022257445,-0.7682339993458126,0.5434203676417344
2,2,0.19205264650535495,-0.3820289815352568,-0.05854688344580547,0.8364266445763483,-0.053951155470752646,0.3848452426262269
