,component,explained_var,perBlack,unempl,percentNoHs,perWithoutIns,medHouseVal,medHouseIncome
0,0,0.3406624477029654,-0.2602917532213759,-0.28515304466993047,-0.5112975185964594,-0.028478847300616814,0.4714493725645275,0.6053389432065766
1,1,0.18414519828080453,0.7295810642431915,-0.03888722705064665,-0.45782725769090193,0.41224932798247704,-0.2627374023825661,0.1327139983293763
2,2,0.16594513064596494,-0.25914169313667085,0.38911957789544466,0.13655550395369104,0.826036005582095,0.28358683812260554,0.005210954066642355
3,3,0.15017312368568617,0.17258534985334,0.857218518627148,-0.18489050862636744,-0.3780705802113311,0.16859404687553908,0.17275674196788204
