,component,explained_var,perBlack,unempl,percentNoHs,perWithoutIns,medHouseIncome
0,0,0.3737055350752113,-0.24272157159119329,-0.3957911442952565,-0.6052166063855305,-0.08905583937277935,0.6404822601841094
1,1,0.20894716791739068,0.622903523260268,-0.015484822972294275,-0.2827944433410354,0.7267329032369076,0.06031592771193697
2,2,0.18699694341309617,-0.7058110066038701,0.04363120689592545,0.1949173814596123,0.6785930955683128,0.038023227027423084
3,3,0.16774696183073448,0.05488275356134333,-0.9168770563961933,0.258286512133106,0.058298877295899304,-0.29362163641654243
