,component,explained_var,perBlack,unempl,percentNoHs,perWithoutIns,perOver65,medHouseVal,medHouseIncome
0,0,0.29858765036697416,-0.25720334851319815,-0.30591071736500036,-0.5080248015246402,-0.04304206306161614,0.20526032793873158,0.43910330468829295,0.5876901717268912
1,1,0.166733967691926,0.14907033575845485,-0.44088264390370546,-0.039843043748983224,-0.35242711139370364,0.6778801549501752,-0.41990878159441103,-0.14752390648796782
2,2,0.15778148907549056,-0.7158446939819216,-0.008451289991629363,0.45283580928802475,-0.4570797116657247,0.048487275469821886,0.2243696149159099,-0.1442916380995258
3,3,0.13408147188119704,0.32712781336795477,0.3572383964619095,-0.21981071684081874,-0.8014823280533401,-0.2281112624701654,0.013689110714567715,0.14985095454037045
4,4,0.11190795507009688,-0.1874929158962321,0.7642710291168399,-0.13110787761086615,0.1487407438382843,0.5743665098595658,-0.07951683211397315,0.07213391611802936
